{"schemaVersion":"1.0","appDefinitionTemplate":{"id":"/providers/Microsoft.PowerApps/apps/","type":"Microsoft.PowerApps/apps","tags":{"primaryDeviceWidth":"640","primaryDeviceHeight":"1136","sienaVersion":"20200914T062343Z-3.20085.19.0","deviceCapabilities":"","supportsPortrait":"true","supportsLandscape":"false","primaryFormFactor":"Phone","publisherVersion":"3.20085.19","minimumRequiredApiVersion":"2.2.0","hasComponent":"false","hasUnlockedComponent":"false","isUnifiedRootApp":"false"},"properties":{"appVersion":"2020-09-14T06:23:43Z","lifeCycleId":"Published","createdByClientVersion":{"major":3,"minor":20085,"build":19,"revision":0,"majorRevision":0,"minorRevision":0},"minClientVersion":{"major":3,"minor":20085,"build":19,"revision":0,"majorRevision":0,"minorRevision":0},"backgroundColor":"rgba(0, 176, 240, 1)","backgroundImageUri":"/10817198339161844513/N69fdf164-5bf6-4983-9573-f13166cdb399-logoSmallFile","displayName":"All in one Playlist","description":"","commitMessage":"","appUris":{"documentUri":{"value":"/10817198339161844513/N1340c73f-b917-4a4b-985c-a2d4465ff05a-document.msapp","readonlyValue":"/10817198339161844513/N1340c73f-b917-4a4b-985c-a2d4465ff05a-document.msapp"},"imageUris":[]},"createdTime":"0001-01-01T00:00:00Z","lastModifiedTime":"0001-01-01T00:00:00Z","sharedGroupsCount":0,"sharedUsersCount":0,"icons":{"smallIconUri":"/10817198339161844513/Nb6bdb2ba-d0d4-422c-b536-a66f66ab9e62-small.png","mediumIconUri":"/10817198339161844513/N3441b761-1d7a-4bd3-b492-362f11ae8335-medium.png","largeIconUri":"/10817198339161844513/N758a32a8-5e08-4134-b118-810a723bc861-large.png","wideIconUri":"/10817198339161844513/Nabff25c5-6da1-43ef-9113-ea97524d870b-wide.png"},"connectionReferences":{"2b346bde-de1d-415f-b74d-a361ed924f47":{"id":"c6f2bf76-7f2e-4f0f-91e2-15f0d83b88f5","displayName":"Excel","iconUri":"https://connectoricons-prod.azureedge.net/excel/icon_1.0.1352.2014.png","dataSources":["SongList"],"dependencies":["df21498f-9877-4350-9afa-c2d70893e0e4"],"dependents":[],"parameterHints":{"df21498f-9877-4350-9afa-c2d70893e0e4":{"value":"fileSource"}},"isOnPremiseConnection":false,"bypassConsent":false,"dataSets":{"2AE3990EA275B9FC!150":{"dataSources":{"SongList":{"tableName":"SongList"}}}},"apiTier":"Standard","isCustomApiConnection":false},"df21498f-9877-4350-9afa-c2d70893e0e4":{"id":"ae6b3b40-1572-4773-b124-dc5ad4bd8239","displayName":"OneDrive","iconUri":"https://connectoricons-prod.azureedge.net/onedrive/icon_1.0.1341.1987.png","dataSources":[],"dependencies":[],"dependents":["2b346bde-de1d-415f-b74d-a361ed924f47"],"parameterHints":{},"isOnPremiseConnection":false,"bypassConsent":false,"dataSets":{},"apiTier":"Standard","isCustomApiConnection":false}},"databaseReferences":{},"almMode":"Environment","performanceOptimizationEnabled":true,"canConsumeAppPass":true},"isAppComponentLibrary":false,"appType":"ClassicCanvasApp","appComponents":[]}}